Cell,Status,Call,Allele1,Allele2
A1,Unknown,ssp. chinensis,-0.074892633,1.12853682
A2,Unknown,ssp. chinensis,-0.002989616,1.465341687
A3,Unknown,ssp. kousa,0.443783849,-0.567199767
A5,Unknown,ssp. kousa,0.434295118,-0.569307387
A7,Unknown,ssp. chinensis,-0.028084971,1.707920432
A8,Unknown,ssp. hybrid,0.111891873,0.26685822
A9,Unknown,ssp. hybrid,0.093065239,0.347162306
A10,Unknown,ssp. kousa,0.291356355,-0.386685431
B2,Unknown,ssp. chinensis,-0.074112028,0.824643314
B4,Unknown,ssp. chinensis,-0.107793823,0.733008027
B5,Unknown,ssp. chinensis,-0.05993706,0.89523387
B7,Unknown,ssp. chinensis,-0.025760664,1.511491537
B9,Unknown,ssp. chinensis,-0.037083402,1.874580979
B10,Unknown,ssp. chinensis,-0.063908473,1.665777683
B11,Unknown,ssp. chinensis,-0.070060559,1.576572418
B12,Unknown,ssp. hybrid,0.116705015,0.627563417
C1,Unknown,ssp. chinensis,-0.067688435,0.783625484
NTC1,Control,negative control,-0.120045088,-0.502686501
NTC2,Control,negative control,-0.122012354,-0.503843129
NTC3,Control,negative control,-0.1307576,-0.515633762
D1,Control,ssp. chinensis,-0.025143486,1.543951631
D2,Control,ssp. chinensis,0.032420181,1.507123709
D3,Control,ssp. chinensis,-0.055516958,1.509207964
D4,Control,ssp. chinensis,-0.030439613,1.509324074
D5,Control,ssp. hybrid,0.12700063,0.283729911
D6,Control,ssp. hybrid,0.11029233,0.222257018
D7,Control,ssp. hybrid,0.119843245,0.26895237
D8,Control,ssp. hybrid,0.123111591,0.286824524
D9,Control,ssp. kousa,0.501692176,-0.491752148
D10,Control,ssp. kousa,0.494466662,-0.46925357
D11,Control,ssp. kousa,0.475718975,-0.626716852
D12,Control,ssp. kousa,0.476972669,-0.613424301
